Model,Config ID,Scale Numeric,Parameters JSON,CV Accuracy Mean,CV Accuracy Std,CV Precision Mean,CV Precision Std,CV Recall Mean,CV Recall Std,CV Specificity Mean,CV Specificity Std,CV F1 Mean,CV F1 Std,CV ROC-AUC Mean,CV ROC-AUC Std,CV PR-AUC Mean,CV PR-AUC Std,CV Fit Time Mean (s),Full Fit Time (s),Test Accuracy,Test Precision,Test Recall,Test Specificity,Test F1,Test ROC-AUC,Test PR-AUC,Test TN,Test FP,Test FN,Test TP
Logistic Regression,logistic_001,True,"{""C"": 0.01}",0.999625,0.0005590169943749,1.0,0.0,0.9987012987012986,0.0019359895909088,1.0,0.0,0.9993494757968804,0.000969963322784,1.0,0.0,1.0,0.0,0.1444217205047607,0.0855076999869197,1.0,1.0,1.0,1.0,1.0,1.0,1.0,1423,0,0,577
Logistic Regression,logistic_002,False,"{""C"": 0.01}",1.0,0.0,1.0,0.0,1.0,0.0,1.0,0.0,1.0,0.0,1.0,0.0,1.0,0.0,0.1627289295196533,0.0802805999992415,1.0,1.0,1.0,1.0,1.0,1.0,1.0,1423,0,0,577
Logistic Regression,logistic_003,True,"{""C"": 0.1}",1.0,0.0,1.0,0.0,1.0,0.0,1.0,0.0,1.0,0.0,1.0,0.0,1.0,0.0,0.2016024589538574,0.065918700012844,1.0,1.0,1.0,1.0,1.0,1.0,1.0,1423,0,0,577
Logistic Regression,logistic_004,False,"{""C"": 0.1}",1.0,0.0,1.0,0.0,1.0,0.0,1.0,0.0,1.0,0.0,1.0,0.0,1.0,0.0,0.0578976154327392,0.0262350999983027,1.0,1.0,1.0,1.0,1.0,1.0,1.0,1423,0,0,577
Logistic Regression,logistic_005,True,"{""C"": 1.0}",1.0,0.0,1.0,0.0,1.0,0.0,1.0,0.0,1.0,0.0,1.0,0.0,1.0,0.0,0.0197338104248046,0.0292577000218443,1.0,1.0,1.0,1.0,1.0,1.0,1.0,1423,0,0,577
Logistic Regression,logistic_006,False,"{""C"": 1.0}",1.0,0.0,1.0,0.0,1.0,0.0,1.0,0.0,1.0,0.0,1.0,0.0,1.0,0.0,0.021340799331665,0.0358208000543527,1.0,1.0,1.0,1.0,1.0,1.0,1.0,1423,0,0,577
Logistic Regression,logistic_007,True,"{""C"": 10.0}",1.0,0.0,1.0,0.0,1.0,0.0,1.0,0.0,1.0,0.0,1.0,0.0,1.0,0.0,0.0228742599487304,0.02945329999784,1.0,1.0,1.0,1.0,1.0,1.0,1.0,1423,0,0,577
Logistic Regression,logistic_008,False,"{""C"": 10.0}",1.0,0.0,1.0,0.0,1.0,0.0,1.0,0.0,1.0,0.0,1.0,0.0,1.0,0.0,0.0228882789611816,0.0220591000397689,1.0,1.0,1.0,1.0,1.0,1.0,1.0,1423,0,0,577
k-NN,knn_001,True,"{""metric"": ""euclidean"", ""n_neighbors"": 69, ""weights"": ""uniform""}",0.997,0.0012808688457449,1.0,0.0,0.9896103896103896,0.0044359094224933,1.0,0.0,0.9947740680720136,0.0022425141239748,1.0,0.0,1.0,0.0,0.0341834068298339,0.0231804000213742,0.998,1.0,0.9930675909878682,1.0,0.9965217391304348,1.0,1.0,1423,0,4,573
k-NN,knn_002,False,"{""metric"": ""euclidean"", ""n_neighbors"": 69, ""weights"": ""uniform""}",1.0,0.0,1.0,0.0,1.0,0.0,1.0,0.0,1.0,0.0,1.0,0.0,1.0,0.0,0.0315457344055175,0.013533399964217,1.0,1.0,1.0,1.0,1.0,1.0,1.0,1423,0,0,577
k-NN,knn_003,True,"{""metric"": ""manhattan"", ""n_neighbors"": 69, ""weights"": ""uniform""}",0.98875,0.003365728004459,1.0,0.0,0.961038961038961,0.0116562008812435,1.0,0.0,0.9801036234269056,0.0060623694616526,0.999999809797701,4.253052703875941e-07,0.9999990650098642,2.0907015020478204e-06,0.0327697277069091,0.0154426000081002,0.993,1.0,0.975736568457539,1.0,0.987719298245614,1.0,1.0,1423,0,14,563
k-NN,knn_004,False,"{""metric"": ""manhattan"", ""n_neighbors"": 69, ""weights"": ""uniform""}",1.0,0.0,1.0,0.0,1.0,0.0,1.0,0.0,1.0,0.0,1.0,0.0,1.0,0.0,0.0232171058654785,0.012950100004673,1.0,1.0,1.0,1.0,1.0,1.0,1.0,1423,0,0,577
k-NN,knn_005,True,"{""metric"": ""mahalanobis"", ""n_neighbors"": 69, ""weights"": ""uniform""}",0.849,0.0095667882541634,1.0,0.0,0.477056277056277,0.0331317342135531,1.0,0.0,0.6454108059166924,0.0303529009627605,0.9994986267394002,0.0004287540168722,0.9986499822419734,0.0010294127185985,0.0306580543518066,0.0361724999966099,0.8725,1.0,0.5580589254766031,1.0,0.7163515016685206,0.9998367985229047,0.9995100033852486,1423,0,255,322
k-NN,knn_006,False,"{""metric"": ""mahalanobis"", ""n_neighbors"": 69, ""weights"": ""uniform""}",0.8551249999999999,0.011502377471636,1.0,0.0,0.4982683982683982,0.0398350734948433,1.0,0.0,0.6643674339093734,0.035651275925912,0.9994980561325024,0.0005817273654559,0.9987353375394168,0.001218835705898,0.0178280353546142,0.0210952999768778,0.873,1.0,0.5597920277296361,1.0,0.7177777777777777,0.9998684644811472,0.9996025599823478,1423,0,254,323
k-NN,knn_007,True,"{""metric"": ""euclidean"", ""n_neighbors"": 79, ""weights"": ""uniform""}",0.996875,0.0014657549249448,1.0,0.0,0.9891774891774892,0.0050762075322764,1.0,0.0,0.994554060738436,0.002568100581022,1.0,0.0,1.0,0.0,0.0141712188720703,0.0184251999598927,0.9975,1.0,0.9913344887348352,1.0,0.9956483899042646,1.0,1.0,1423,0,5,572
k-NN,knn_008,False,"{""metric"": ""euclidean"", ""n_neighbors"": 79, ""weights"": ""uniform""}",1.0,0.0,1.0,0.0,1.0,0.0,1.0,0.0,1.0,0.0,1.0,0.0,1.0,0.0,0.0184566020965576,0.0158979999832808,1.0,1.0,1.0,1.0,1.0,1.0,1.0,1423,0,0,577
k-NN,knn_009,True,"{""metric"": ""manhattan"", ""n_neighbors"": 79, ""weights"": ""uniform""}",0.988625,0.0034629737942987,1.0,0.0,0.9606060606060606,0.0119929828373983,1.0,0.0,0.9798767374371156,0.0062382075101238,1.0,0.0,1.0,5.551115123125783e-17,0.028782033920288,0.0169423999614082,0.993,1.0,0.975736568457539,1.0,0.987719298245614,1.0,1.0,1423,0,14,563
k-NN,knn_010,False,"{""metric"": ""manhattan"", ""n_neighbors"": 79, ""weights"": ""uniform""}",1.0,0.0,1.0,0.0,1.0,0.0,1.0,0.0,1.0,0.0,1.0,0.0,1.0,0.0,0.0211280345916748,0.0168799000093713,1.0,1.0,1.0,1.0,1.0,1.0,1.0,1423,0,0,577
k-NN,knn_011,True,"{""metric"": ""mahalanobis"", ""n_neighbors"": 79, ""weights"": ""uniform""}",0.845,0.009238590936934,1.0,0.0,0.4632034632034632,0.0319951201279101,1.0,0.0,0.6326136341996079,0.0298679915266024,0.999558350261338,0.0003914862820146,0.9988133436343546,0.000936437220308,0.0285256385803222,0.0462468999903649,0.861,1.0,0.5181975736568457,1.0,0.682648401826484,0.9998514135805552,0.9995584817439968,1423,0,278,299
k-NN,knn_012,False,"{""metric"": ""mahalanobis"", ""n_neighbors"": 79, ""weights"": ""uniform""}",0.8473749999999999,0.0092954962212891,1.0,0.0,0.4714285714285713,0.0321921947057631,1.0,0.0,0.6402586357565803,0.0296014139082994,0.9996291055166274,0.000330792777132,0.9989950517594594,0.000797935454552,0.0185452461242675,0.0414760999847203,0.8665,1.0,0.537261698440208,1.0,0.6989853438556933,0.9998538494234968,0.9995549160678447,1423,0,267,310
k-NN,knn_013,True,"{""metric"": ""euclidean"", ""n_neighbors"": 89, ""weights"": ""uniform""}",0.996875,0.0011692679333668,1.0,0.0,0.9891774891774892,0.0040494127562488,1.0,0.0,0.9945559686526678,0.0020477618234802,1.0,0.0,1.0,0.0,0.0145692348480224,0.0222421999787911,0.9975,1.0,0.9913344887348352,1.0,0.9956483899042646,1.0,1.0,1423,0,5,572
k-NN,knn_014,False,"{""metric"": ""euclidean"", ""n_neighbors"": 89, ""weights"": ""uniform""}",1.0,0.0,1.0,0.0,1.0,0.0,1.0,0.0,1.0,0.0,1.0,0.0,1.0,0.0,0.0217174530029296,0.015914799994789,1.0,1.0,1.0,1.0,1.0,1.0,1.0,1423,0,0,577
k-NN,knn_015,True,"{""metric"": ""manhattan"", ""n_neighbors"": 89, ""weights"": ""uniform""}",0.988625,0.0034061066483596,1.0,0.0,0.9606060606060608,0.0117960403406395,1.0,0.0,0.979877749743896,0.0061320225697939,1.0,0.0,1.0,7.850462293418876e-17,0.0254557132720947,0.0186924000154249,0.9915,1.0,0.9705372616984402,1.0,0.9850483729111698,1.0,1.0,1423,0,17,560
k-NN,knn_016,False,"{""metric"": ""manhattan"", ""n_neighbors"": 89, ""weights"": ""uniform""}",1.0,0.0,1.0,0.0,1.0,0.0,1.0,0.0,1.0,0.0,1.0,0.0,1.0,0.0,0.0221253871917724,0.0184254999621771,1.0,1.0,1.0,1.0,1.0,1.0,1.0,1423,0,0,577
k-NN,knn_017,True,"{""metric"": ""mahalanobis"", ""n_neighbors"": 89, ""weights"": ""uniform""}",0.8383749999999999,0.0078883814879859,1.0,0.0,0.4402597402597402,0.0273190700882631,1.0,0.0,0.6109589426863334,0.0265359314374491,0.9996060910384283,0.000281917088142,0.998924626540686,0.000731867659271,0.0293790340423584,0.0173821999924257,0.8555,1.0,0.4991334488734835,1.0,0.6658959537572254,0.999903784203802,0.999707138464416,1423,0,289,288
k-NN,knn_018,False,"{""metric"": ""mahalanobis"", ""n_neighbors"": 89, ""weights"": ""uniform""}",0.841625,0.0075725656154304,1.0,0.0,0.4515151515151515,0.0262253354646943,1.0,0.0,0.6217685441083802,0.024969040697973,0.9996639125373749,0.0003000449558646,0.9990973978191366,0.0007329629185361,0.0198839664459228,0.0239057000144384,0.8575,1.0,0.5060658578856152,1.0,0.6720368239355581,0.9998940408320351,0.999692808777072,1423,0,285,292
k-NN,knn_019,True,"{""metric"": ""euclidean"", ""n_neighbors"": 99, ""weights"": ""uniform""}",0.99675,0.0012022115038544,1.0,0.0,0.9887445887445888,0.0041635030436518,1.0,0.0,0.9943369152694216,0.0021069602824004,1.0,0.0,1.0,0.0,0.0152629375457763,0.0154451000271365,0.9975,1.0,0.9913344887348352,1.0,0.9956483899042646,1.0,1.0,1423,0,5,572
k-NN,knn_020,False,"{""metric"": ""euclidean"", ""n_neighbors"": 99, ""weights"": ""uniform""}",1.0,0.0,1.0,0.0,1.0,0.0,1.0,0.0,1.0,0.0,1.0,0.0,1.0,0.0,0.0226560592651367,0.0203169000451453,1.0,1.0,1.0,1.0,1.0,1.0,1.0,1423,0,0,577
k-NN,knn_021,True,"{""metric"": ""manhattan"", ""n_neighbors"": 99, ""weights"": ""uniform""}",0.988375,0.0037133626943782,1.0,0.0,0.9597402597402598,0.0128601305433012,1.0,0.0,0.9794214262591752,0.0066989997843292,1.0,0.0,1.0,7.850462293418876e-17,0.0298309803009033,0.0158255000133067,0.992,1.0,0.9722703639514731,1.0,0.9859402460456942,1.0,1.0,1423,0,16,561
k-NN,knn_022,False,"{""metric"": ""manhattan"", ""n_neighbors"": 99, ""weights"": ""uniform""}",1.0,0.0,1.0,0.0,1.0,0.0,1.0,0.0,1.0,0.0,1.0,0.0,1.0,0.0,0.0205316066741943,0.0180660000187344,1.0,1.0,1.0,1.0,1.0,1.0,1.0,1423,0,0,577
k-NN,knn_023,True,"{""metric"": ""mahalanobis"", ""n_neighbors"": 99, ""weights"": ""uniform""}",0.8323750000000001,0.0076469969595913,1.0,0.0,0.4194805194805194,0.0264831063535632,1.0,0.0,0.5906372477075263,0.0265752826305841,0.9996871172178728,0.0002545932553925,0.9991330357072647,0.0006491678792359,0.0307480812072753,0.0157711000065319,0.8485,1.0,0.4748700173310225,1.0,0.6439482961222092,0.9999354501620444,0.9998063139691652,1423,0,303,274
k-NN,knn_024,False,"{""metric"": ""mahalanobis"", ""n_neighbors"": 99, ""weights"": ""uniform""}",0.835375,0.00864445270101,1.0,0.0,0.4298701298701298,0.0299374985316365,1.0,0.0,0.6007835512904507,0.0291393118676468,0.9997418954800326,0.000187627361895,0.9992848954844542,0.000501123184248,0.0183334827423095,0.0403898000367917,0.852,1.0,0.487001733102253,1.0,0.655011655011655,0.9999342322405737,0.9997951629503492,1423,0,296,281
k-NN,knn_025,True,"{""metric"": ""euclidean"", ""n_neighbors"": 109, ""weights"": ""uniform""}",0.996375,0.0012808688457449,1.0,0.0,0.9874458874458872,0.0044359094224932,1.0,0.0,0.99367928050173,0.0022474028407483,1.0,0.0,1.0,0.0,0.0145323753356933,0.0211760000092908,0.9975,1.0,0.9913344887348352,1.0,0.9956483899042646,1.0,1.0,1423,0,5,572
k-NN,knn_026,False,"{""metric"": ""euclidean"", ""n_neighbors"": 109, ""weights"": ""uniform""}",1.0,0.0,1.0,0.0,1.0,0.0,1.0,0.0,1.0,0.0,1.0,0.0,1.0,0.0,0.0195783138275146,0.0154778999858535,1.0,1.0,1.0,1.0,1.0,1.0,1.0,1423,0,0,577
k-NN,knn_027,True,"{""metric"": ""manhattan"", ""n_neighbors"": 109, ""weights"": ""uniform""}",0.987375,0.0038119876704942,1.0,0.0,0.9562770562770564,0.0132016889021444,1.0,0.0,0.9776126827578993,0.0068980333192688,0.9999996195954016,8.506105408000137e-07,0.9999990650098642,2.090701502035408e-06,0.0254085063934326,0.0165160999749787,0.9925,1.0,0.974003466204506,1.0,0.9868305531167691,1.0,1.0,1423,0,15,562
k-NN,knn_028,False,"{""metric"": ""manhattan"", ""n_neighbors"": 109, ""weights"": ""uniform""}",1.0,0.0,1.0,0.0,1.0,0.0,1.0,0.0,1.0,0.0,1.0,0.0,1.0,0.0,0.0210780143737792,0.0199028000351972,1.0,1.0,1.0,1.0,1.0,1.0,1.0,1423,0,0,577
k-NN,knn_029,True,"{""metric"": ""mahalanobis"", ""n_neighbors"": 109, ""weights"": ""uniform""}",0.82825,0.0080331345065298,1.0,0.0,0.4051948051948051,0.0278203792433932,1.0,0.0,0.5762616708852406,0.0282953371608737,0.9997645295536332,0.0001905189601476,0.999360685097064,0.0004858695418051,0.0291811466217041,0.0493741999962367,0.846,1.0,0.4662045060658579,1.0,0.6359338061465721,0.999951892101901,0.9998482326059704,1423,0,308,269
k-NN,knn_030,False,"{""metric"": ""mahalanobis"", ""n_neighbors"": 109, ""weights"": ""uniform""}",0.8302499999999998,0.0079254337420736,1.0,0.0,0.4121212121212122,0.0274473895829391,1.0,0.0,0.5832626731369432,0.027547334201068,0.9998004777881756,0.0001580230875303,0.9994395510404744,0.0004053512686977,0.0180251598358154,0.0156103000044822,0.8465,1.0,0.4679376083188908,1.0,0.6375442739079102,0.999954936905578,0.9998719823096518,1423,0,307,270
Perceptron,perceptron_001,True,"{""max_iter"": 200, ""penalty"": null, ""tol"": 0.001}",0.999625,0.0003423265984407,1.0,0.0,0.9987012987012986,0.0011855466612665,1.0,0.0,0.9993499458288192,0.0005934155552602,0.9999992391908034,1.701221081649678e-06,0.9999981340498584,4.1723913597386286e-06,0.1387053966522216,0.0611139999818988,0.9995,0.9982698961937716,1.0,0.999297259311314,0.9991341991341992,0.9999975641570582,0.999993997909776,1422,1,0,577
Perceptron,perceptron_002,False,"{""max_iter"": 200, ""penalty"": null, ""tol"": 0.001}",1.0,0.0,1.0,0.0,1.0,0.0,1.0,0.0,1.0,0.0,1.0,0.0,1.0,0.0,0.1396955490112304,0.045287900022231,1.0,1.0,1.0,1.0,1.0,1.0,1.0,1423,0,0,577
Perceptron,perceptron_003,True,"{""max_iter"": 200, ""penalty"": null, ""tol"": 0.0001}",0.999625,0.0003423265984407,1.0,0.0,0.9987012987012986,0.0011855466612665,1.0,0.0,0.9993499458288192,0.0005934155552602,0.9999992391908034,1.701221081649678e-06,0.9999981340498584,4.1723913597386286e-06,0.2684466361999512,0.0686109000234864,0.9995,0.9982698961937716,1.0,0.999297259311314,0.9991341991341992,0.9999975641570582,0.999993997909776,1422,1,0,577
Perceptron,perceptron_004,False,"{""max_iter"": 200, ""penalty"": null, ""tol"": 0.0001}",1.0,0.0,1.0,0.0,1.0,0.0,1.0,0.0,1.0,0.0,1.0,0.0,1.0,0.0,0.0733451843261718,0.0152101999847218,1.0,1.0,1.0,1.0,1.0,1.0,1.0,1423,0,0,577
Perceptron,perceptron_005,True,"{""max_iter"": 300, ""penalty"": null, ""tol"": 0.001}",0.999625,0.0003423265984407,1.0,0.0,0.9987012987012986,0.0011855466612665,1.0,0.0,0.9993499458288192,0.0005934155552602,0.9999992391908034,1.701221081649678e-06,0.9999981340498584,4.1723913597386286e-06,0.0248359203338623,0.0254830999765545,0.9995,0.9982698961937716,1.0,0.999297259311314,0.9991341991341992,0.9999975641570582,0.999993997909776,1422,1,0,577
Perceptron,perceptron_006,False,"{""max_iter"": 300, ""penalty"": null, ""tol"": 0.001}",1.0,0.0,1.0,0.0,1.0,0.0,1.0,0.0,1.0,0.0,1.0,0.0,1.0,0.0,0.0225305080413818,0.0229347000131383,1.0,1.0,1.0,1.0,1.0,1.0,1.0,1423,0,0,577
Perceptron,perceptron_007,True,"{""max_iter"": 300, ""penalty"": null, ""tol"": 0.0001}",0.999625,0.0003423265984407,1.0,0.0,0.9987012987012986,0.0011855466612665,1.0,0.0,0.9993499458288192,0.0005934155552602,0.9999992391908034,1.701221081649678e-06,0.9999981340498584,4.1723913597386286e-06,0.0217956066131591,0.0244929999462328,0.9995,0.9982698961937716,1.0,0.999297259311314,0.9991341991341992,0.9999975641570582,0.999993997909776,1422,1,0,577
Perceptron,perceptron_008,False,"{""max_iter"": 300, ""penalty"": null, ""tol"": 0.0001}",1.0,0.0,1.0,0.0,1.0,0.0,1.0,0.0,1.0,0.0,1.0,0.0,1.0,0.0,0.0184780120849609,0.0145216999808326,1.0,1.0,1.0,1.0,1.0,1.0,1.0,1423,0,0,577
Perceptron,perceptron_009,True,"{""max_iter"": 500, ""penalty"": null, ""tol"": 0.001}",0.999625,0.0003423265984407,1.0,0.0,0.9987012987012986,0.0011855466612665,1.0,0.0,0.9993499458288192,0.0005934155552602,0.9999992391908034,1.701221081649678e-06,0.9999981340498584,4.1723913597386286e-06,0.0219200134277343,0.0152730999980121,0.9995,0.9982698961937716,1.0,0.999297259311314,0.9991341991341992,0.9999975641570582,0.999993997909776,1422,1,0,577
Perceptron,perceptron_010,False,"{""max_iter"": 500, ""penalty"": null, ""tol"": 0.001}",1.0,0.0,1.0,0.0,1.0,0.0,1.0,0.0,1.0,0.0,1.0,0.0,1.0,0.0,0.0182647228240966,0.0151902000070549,1.0,1.0,1.0,1.0,1.0,1.0,1.0,1423,0,0,577
Perceptron,perceptron_011,True,"{""max_iter"": 500, ""penalty"": null, ""tol"": 0.0001}",0.999625,0.0003423265984407,1.0,0.0,0.9987012987012986,0.0011855466612665,1.0,0.0,0.9993499458288192,0.0005934155552602,0.9999992391908034,1.701221081649678e-06,0.9999981340498584,4.1723913597386286e-06,0.019894790649414,0.0162629999686032,0.9995,0.9982698961937716,1.0,0.999297259311314,0.9991341991341992,0.9999975641570582,0.999993997909776,1422,1,0,577
Perceptron,perceptron_012,False,"{""max_iter"": 500, ""penalty"": null, ""tol"": 0.0001}",1.0,0.0,1.0,0.0,1.0,0.0,1.0,0.0,1.0,0.0,1.0,0.0,1.0,0.0,0.0210781574249267,0.014685699949041,1.0,1.0,1.0,1.0,1.0,1.0,1.0,1423,0,0,577
Perceptron,perceptron_013,True,"{""alpha"": 0.001, ""max_iter"": 200, ""penalty"": ""l1"", ""tol"": 0.001}",0.9935,0.00864445270101,0.9790679598181862,0.0281946886598512,0.9995670995670995,0.0009679947954544,0.99103690685413,0.0123085597855136,0.9890401071690554,0.0144163538560025,1.0,0.0,1.0,0.0,0.0275319576263427,0.0177066000178456,0.9995,1.0,0.9982668977469672,1.0,0.9991326973113616,1.0,1.0,1423,0,1,576
Perceptron,perceptron_014,False,"{""alpha"": 0.001, ""max_iter"": 200, ""penalty"": ""l1"", ""tol"": 0.001}",0.999375,0.0013975424859373,1.0,0.0,0.997835497835498,0.0048399739772722,1.0,0.0,0.998911860718172,0.0024331534031553,1.0,0.0,1.0,0.0,0.0251161575317382,0.0209330999641679,1.0,1.0,1.0,1.0,1.0,1.0,1.0,1423,0,0,577
Perceptron,perceptron_015,True,"{""alpha"": 0.001, ""max_iter"": 200, ""penalty"": ""l1"", ""tol"": 0.0001}",0.9945,0.0092110667134702,0.982053034445052,0.0297375132577428,1.0,0.0,0.9922671353251318,0.0129505331648088,0.9907605512912786,0.0153897539874574,1.0,0.0,1.0,0.0,0.0236261844635009,0.0283530000015161,1.0,1.0,1.0,1.0,1.0,1.0,1.0,1423,0,0,577
Perceptron,perceptron_016,False,"{""alpha"": 0.001, ""max_iter"": 200, ""penalty"": ""l1"", ""tol"": 0.0001}",0.999375,0.0013975424859373,1.0,0.0,0.997835497835498,0.0048399739772722,1.0,0.0,0.998911860718172,0.0024331534031553,1.0,0.0,1.0,0.0,0.0245758533477783,0.024354699999094,1.0,1.0,1.0,1.0,1.0,1.0,1.0,1423,0,0,577
Perceptron,perceptron_017,True,"{""alpha"": 0.001, ""max_iter"": 300, ""penalty"": ""l1"", ""tol"": 0.001}",0.9935,0.00864445270101,0.9790679598181862,0.0281946886598512,0.9995670995670995,0.0009679947954544,0.99103690685413,0.0123085597855136,0.9890401071690554,0.0144163538560025,1.0,0.0,1.0,0.0,0.0211989402770996,0.0283681000000797,0.9995,1.0,0.9982668977469672,1.0,0.9991326973113616,1.0,1.0,1423,0,1,576
Perceptron,perceptron_018,False,"{""alpha"": 0.001, ""max_iter"": 300, ""penalty"": ""l1"", ""tol"": 0.001}",0.999375,0.0013975424859373,1.0,0.0,0.997835497835498,0.0048399739772722,1.0,0.0,0.998911860718172,0.0024331534031553,1.0,0.0,1.0,0.0,0.0271108150482177,0.0230185000109486,1.0,1.0,1.0,1.0,1.0,1.0,1.0,1423,0,0,577
Perceptron,perceptron_019,True,"{""alpha"": 0.001, ""max_iter"": 300, ""penalty"": ""l1"", ""tol"": 0.0001}",0.9945,0.0092110667134702,0.982053034445052,0.0297375132577428,1.0,0.0,0.9922671353251318,0.0129505331648088,0.9907605512912786,0.0153897539874574,1.0,0.0,1.0,0.0,0.0236964225769042,0.0230684999842196,1.0,1.0,1.0,1.0,1.0,1.0,1.0,1423,0,0,577
Perceptron,perceptron_020,False,"{""alpha"": 0.001, ""max_iter"": 300, ""penalty"": ""l1"", ""tol"": 0.0001}",0.999375,0.0013975424859373,1.0,0.0,0.997835497835498,0.0048399739772722,1.0,0.0,0.998911860718172,0.0024331534031553,1.0,0.0,1.0,0.0,0.0229469299316406,0.0202342999982647,1.0,1.0,1.0,1.0,1.0,1.0,1.0,1423,0,0,577
Perceptron,perceptron_021,True,"{""alpha"": 0.001, ""max_iter"": 500, ""penalty"": ""l1"", ""tol"": 0.001}",0.9935,0.00864445270101,0.9790679598181862,0.0281946886598512,0.9995670995670995,0.0009679947954544,0.99103690685413,0.0123085597855136,0.9890401071690554,0.0144163538560025,1.0,0.0,1.0,0.0,0.022748327255249,0.0255364999757148,0.9995,1.0,0.9982668977469672,1.0,0.9991326973113616,1.0,1.0,1423,0,1,576
Perceptron,perceptron_022,False,"{""alpha"": 0.001, ""max_iter"": 500, ""penalty"": ""l1"", ""tol"": 0.001}",0.999375,0.0013975424859373,1.0,0.0,0.997835497835498,0.0048399739772722,1.0,0.0,0.998911860718172,0.0024331534031553,1.0,0.0,1.0,0.0,0.022824478149414,0.0236058000009506,1.0,1.0,1.0,1.0,1.0,1.0,1.0,1423,0,0,577
Perceptron,perceptron_023,True,"{""alpha"": 0.001, ""max_iter"": 500, ""penalty"": ""l1"", ""tol"": 0.0001}",0.9945,0.0092110667134702,0.982053034445052,0.0297375132577428,1.0,0.0,0.9922671353251318,0.0129505331648088,0.9907605512912786,0.0153897539874574,1.0,0.0,1.0,0.0,0.0243378639221191,0.0231260000145994,1.0,1.0,1.0,1.0,1.0,1.0,1.0,1423,0,0,577
Perceptron,perceptron_024,False,"{""alpha"": 0.001, ""max_iter"": 500, ""penalty"": ""l1"", ""tol"": 0.0001}",0.999375,0.0013975424859373,1.0,0.0,0.997835497835498,0.0048399739772722,1.0,0.0,0.998911860718172,0.0024331534031553,1.0,0.0,1.0,0.0,0.0217700004577636,0.0284974999958649,1.0,1.0,1.0,1.0,1.0,1.0,1.0,1423,0,0,577
Perceptron,perceptron_025,True,"{""alpha"": 0.01, ""max_iter"": 200, ""penalty"": ""l1"", ""tol"": 0.001}",0.974125,0.0112465272417755,0.9389352708878876,0.0461393616760227,0.9774891774891774,0.0503357293636316,0.9727592267135324,0.0213262936722523,0.9561119286200104,0.0190153360450723,1.0,5.551115123125783e-17,1.0,0.0,0.0239942550659179,0.0323949999874457,0.995,0.9829642248722316,1.0,0.9929725931131412,0.9914089347079038,1.0,1.0,1413,10,0,577
Perceptron,perceptron_026,False,"{""alpha"": 0.01, ""max_iter"": 200, ""penalty"": ""l1"", ""tol"": 0.001}",0.999625,0.0003423265984407,1.0,0.0,0.9987012987012986,0.0011855466612665,1.0,0.0,0.9993499458288192,0.0005934155552602,1.0,5.551115123125783e-17,1.0,0.0,0.0234327316284179,0.0435192000004462,1.0,1.0,1.0,1.0,1.0,1.0,1.0,1423,0,0,577
Perceptron,perceptron_027,True,"{""alpha"": 0.01, ""max_iter"": 200, ""penalty"": ""l1"", ""tol"": 0.0001}",0.95575,0.0540081012441652,0.968901878914405,0.0520195093171123,0.8813852813852814,0.2043672922524872,0.985940246045694,0.0239767375213396,0.908915134205315,0.1254802916883503,1.0,0.0,1.0,0.0,0.0287072658538818,0.0569241999764926,0.9675,0.8987538940809969,1.0,0.954321855235418,0.9466776045939296,1.0,1.0,1358,65,0,577
Perceptron,perceptron_028,False,"{""alpha"": 0.01, ""max_iter"": 200, ""penalty"": ""l1"", ""tol"": 0.0001}",0.999625,0.0003423265984407,1.0,0.0,0.9987012987012986,0.0011855466612665,1.0,0.0,0.9993499458288192,0.0005934155552602,1.0,5.551115123125783e-17,1.0,0.0,0.0249636173248291,0.0378817000309936,1.0,1.0,1.0,1.0,1.0,1.0,1.0,1423,0,0,577
Perceptron,perceptron_029,True,"{""alpha"": 0.01, ""max_iter"": 300, ""penalty"": ""l1"", ""tol"": 0.001}",0.974125,0.0112465272417755,0.9389352708878876,0.0461393616760227,0.9774891774891774,0.0503357293636316,0.9727592267135324,0.0213262936722523,0.9561119286200104,0.0190153360450723,1.0,5.551115123125783e-17,1.0,0.0,0.0252941608428955,0.0258434999850578,0.995,0.9829642248722316,1.0,0.9929725931131412,0.9914089347079038,1.0,1.0,1413,10,0,577
Perceptron,perceptron_030,False,"{""alpha"": 0.01, ""max_iter"": 300, ""penalty"": ""l1"", ""tol"": 0.001}",0.999625,0.0003423265984407,1.0,0.0,0.9987012987012986,0.0011855466612665,1.0,0.0,0.9993499458288192,0.0005934155552602,1.0,5.551115123125783e-17,1.0,0.0,0.0247393608093261,0.0357033999753184,1.0,1.0,1.0,1.0,1.0,1.0,1.0,1423,0,0,577
Perceptron,perceptron_031,True,"{""alpha"": 0.01, ""max_iter"": 300, ""penalty"": ""l1"", ""tol"": 0.0001}",0.95575,0.0540081012441652,0.968901878914405,0.0520195093171123,0.8813852813852814,0.2043672922524872,0.985940246045694,0.0239767375213396,0.908915134205315,0.1254802916883503,1.0,0.0,1.0,0.0,0.0266759872436523,0.0432077999575994,0.9675,0.8987538940809969,1.0,0.954321855235418,0.9466776045939296,1.0,1.0,1358,65,0,577
Perceptron,perceptron_032,False,"{""alpha"": 0.01, ""max_iter"": 300, ""penalty"": ""l1"", ""tol"": 0.0001}",0.999625,0.0003423265984407,1.0,0.0,0.9987012987012986,0.0011855466612665,1.0,0.0,0.9993499458288192,0.0005934155552602,1.0,5.551115123125783e-17,1.0,0.0,0.0235578536987304,0.0372595000080764,1.0,1.0,1.0,1.0,1.0,1.0,1.0,1423,0,0,577
Perceptron,perceptron_033,True,"{""alpha"": 0.01, ""max_iter"": 500, ""penalty"": ""l1"", ""tol"": 0.001}",0.974125,0.0112465272417755,0.9389352708878876,0.0461393616760227,0.9774891774891774,0.0503357293636316,0.9727592267135324,0.0213262936722523,0.9561119286200104,0.0190153360450723,1.0,5.551115123125783e-17,1.0,0.0,0.0242319583892822,0.0221985999960452,0.995,0.9829642248722316,1.0,0.9929725931131412,0.9914089347079038,1.0,1.0,1413,10,0,577
Perceptron,perceptron_034,False,"{""alpha"": 0.01, ""max_iter"": 500, ""penalty"": ""l1"", ""tol"": 0.001}",0.999625,0.0003423265984407,1.0,0.0,0.9987012987012986,0.0011855466612665,1.0,0.0,0.9993499458288192,0.0005934155552602,1.0,5.551115123125783e-17,1.0,0.0,0.0253429889678955,0.042990899994038,1.0,1.0,1.0,1.0,1.0,1.0,1.0,1423,0,0,577
Perceptron,perceptron_035,True,"{""alpha"": 0.01, ""max_iter"": 500, ""penalty"": ""l1"", ""tol"": 0.0001}",0.95575,0.0540081012441652,0.968901878914405,0.0520195093171123,0.8813852813852814,0.2043672922524872,0.985940246045694,0.0239767375213396,0.908915134205315,0.1254802916883503,1.0,0.0,1.0,0.0,0.0279126644134521,0.0576322999550029,0.9675,0.8987538940809969,1.0,0.954321855235418,0.9466776045939296,1.0,1.0,1358,65,0,577
Perceptron,perceptron_036,False,"{""alpha"": 0.01, ""max_iter"": 500, ""penalty"": ""l1"", ""tol"": 0.0001}",0.999625,0.0003423265984407,1.0,0.0,0.9987012987012986,0.0011855466612665,1.0,0.0,0.9993499458288192,0.0005934155552602,1.0,5.551115123125783e-17,1.0,0.0,0.024775743484497,0.0464293000404723,1.0,1.0,1.0,1.0,1.0,1.0,1.0,1423,0,0,577
Perceptron,perceptron_037,True,"{""alpha"": 0.001, ""max_iter"": 200, ""penalty"": ""l2"", ""tol"": 0.001}",0.996625,0.0034686092313779,1.0,0.0,0.9883116883116884,0.0120124995026074,1.0,0.0,0.9940919143653504,0.0061190776938161,0.999989729075845,1.0118333278759944e-05,0.9999750624206026,2.4412237176075488e-05,0.0192217826843261,0.0218810000224038,0.997,0.991394148020654,0.9982668977469672,0.9964862965565706,0.9948186528497408,0.9998660286382056,0.9996707311396704,1418,5,1,576
Perceptron,perceptron_038,False,"{""alpha"": 0.001, ""max_iter"": 200, ""penalty"": ""l2"", ""tol"": 0.001}",0.9995,0.0006846531968814,1.0,0.0,0.9982683982683984,0.0023710933225331,1.0,0.0,0.9991323210412149,0.0011881183459981,1.0,0.0,1.0,0.0,0.0222682952880859,0.0165206000092439,0.9995,0.9982698961937716,1.0,0.999297259311314,0.9991341991341992,1.0,1.0,1422,1,0,577
Perceptron,perceptron_039,True,"{""alpha"": 0.001, ""max_iter"": 200, ""penalty"": ""l2"", ""tol"": 0.0001}",0.994875,0.0036282313184249,0.9982465610811748,0.0028536043921822,0.983982683982684,0.0119145964887643,0.9992970123022846,0.0011457297724433,0.99103421815161,0.0063724145724308,0.9999185934159572,0.0001167414548095,0.9998120079783036,0.0002656051793746,0.0245821475982666,0.0242301999824121,0.999,1.0,0.9965337954939342,1.0,0.9982638888888888,0.9999963462355874,0.9999910356780016,1423,0,2,575
Perceptron,perceptron_040,False,"{""alpha"": 0.001, ""max_iter"": 200, ""penalty"": ""l2"", ""tol"": 0.0001}",0.9995,0.0006846531968814,1.0,0.0,0.9982683982683984,0.0023710933225331,1.0,0.0,0.9991323210412149,0.0011881183459981,1.0,0.0,1.0,0.0,0.0229137420654296,0.0148247000179253,0.9995,0.9982698961937716,1.0,0.999297259311314,0.9991341991341992,1.0,1.0,1422,1,0,577
Perceptron,perceptron_041,True,"{""alpha"": 0.001, ""max_iter"": 300, ""penalty"": ""l2"", ""tol"": 0.001}",0.996625,0.0034686092313779,1.0,0.0,0.9883116883116884,0.0120124995026074,1.0,0.0,0.9940919143653504,0.0061190776938161,0.999989729075845,1.0118333278759944e-05,0.9999750624206026,2.4412237176075488e-05,0.0232119560241699,0.0169630000018514,0.997,0.991394148020654,0.9982668977469672,0.9964862965565706,0.9948186528497408,0.9998660286382056,0.9996707311396704,1418,5,1,576
Perceptron,perceptron_042,False,"{""alpha"": 0.001, ""max_iter"": 300, ""penalty"": ""l2"", ""tol"": 0.001}",0.9995,0.0006846531968814,1.0,0.0,0.9982683982683984,0.0023710933225331,1.0,0.0,0.9991323210412149,0.0011881183459981,1.0,0.0,1.0,0.0,0.0238524913787841,0.0143446000292897,0.9995,0.9982698961937716,1.0,0.999297259311314,0.9991341991341992,1.0,1.0,1422,1,0,577
Perceptron,perceptron_043,True,"{""alpha"": 0.001, ""max_iter"": 300, ""penalty"": ""l2"", ""tol"": 0.0001}",0.994875,0.0036282313184249,0.9982465610811748,0.0028536043921822,0.983982683982684,0.0119145964887643,0.9992970123022846,0.0011457297724433,0.99103421815161,0.0063724145724308,0.9999185934159572,0.0001167414548095,0.9998120079783036,0.0002656051793746,0.0230124950408935,0.0268963999697007,0.999,1.0,0.9965337954939342,1.0,0.9982638888888888,0.9999963462355874,0.9999910356780016,1423,0,2,575
Perceptron,perceptron_044,False,"{""alpha"": 0.001, ""max_iter"": 300, ""penalty"": ""l2"", ""tol"": 0.0001}",0.9995,0.0006846531968814,1.0,0.0,0.9982683982683984,0.0023710933225331,1.0,0.0,0.9991323210412149,0.0011881183459981,1.0,0.0,1.0,0.0,0.0200796127319335,0.0211718000355176,0.9995,0.9982698961937716,1.0,0.999297259311314,0.9991341991341992,1.0,1.0,1422,1,0,577
Perceptron,perceptron_045,True,"{""alpha"": 0.001, ""max_iter"": 500, ""penalty"": ""l2"", ""tol"": 0.001}",0.996625,0.0034686092313779,1.0,0.0,0.9883116883116884,0.0120124995026074,1.0,0.0,0.9940919143653504,0.0061190776938161,0.999989729075845,1.0118333278759944e-05,0.9999750624206026,2.4412237176075488e-05,0.0206016063690185,0.0259213999961502,0.997,0.991394148020654,0.9982668977469672,0.9964862965565706,0.9948186528497408,0.9998660286382056,0.9996707311396704,1418,5,1,576
Perceptron,perceptron_046,False,"{""alpha"": 0.001, ""max_iter"": 500, ""penalty"": ""l2"", ""tol"": 0.001}",0.9995,0.0006846531968814,1.0,0.0,0.9982683982683984,0.0023710933225331,1.0,0.0,0.9991323210412149,0.0011881183459981,1.0,0.0,1.0,0.0,0.0242302894592285,0.0178297000238671,0.9995,0.9982698961937716,1.0,0.999297259311314,0.9991341991341992,1.0,1.0,1422,1,0,577
Perceptron,perceptron_047,True,"{""alpha"": 0.001, ""max_iter"": 500, ""penalty"": ""l2"", ""tol"": 0.0001}",0.994875,0.0036282313184249,0.9982465610811748,0.0028536043921822,0.983982683982684,0.0119145964887643,0.9992970123022846,0.0011457297724433,0.99103421815161,0.0063724145724308,0.9999185934159572,0.0001167414548095,0.9998120079783036,0.0002656051793746,0.0239789009094238,0.0219957000226713,0.999,1.0,0.9965337954939342,1.0,0.9982638888888888,0.9999963462355874,0.9999910356780016,1423,0,2,575
Perceptron,perceptron_048,False,"{""alpha"": 0.001, ""max_iter"": 500, ""penalty"": ""l2"", ""tol"": 0.0001}",0.9995,0.0006846531968814,1.0,0.0,0.9982683982683984,0.0023710933225331,1.0,0.0,0.9991323210412149,0.0011881183459981,1.0,0.0,1.0,0.0,0.0226802349090576,0.0179895999608561,0.9995,0.9982698961937716,1.0,0.999297259311314,0.9991341991341992,1.0,1.0,1422,1,0,577
Perceptron,perceptron_049,True,"{""alpha"": 0.01, ""max_iter"": 200, ""penalty"": ""l2"", ""tol"": 0.001}",0.992125,0.004689582870576,0.99474699867177,0.0082312964936757,0.977922077922078,0.0117960403406396,0.9978910369068542,0.0033229649211228,0.9862323990556382,0.0081923555601219,0.9996774169006156,0.0003584685162585,0.9992521784263746,0.0008300595825594,0.0250103950500488,0.0246129999868571,0.991,0.9964476021314388,0.9722703639514731,0.9985945186226284,0.9842105263157894,0.9997113526114064,0.9993225926653304,1421,2,16,561
Perceptron,perceptron_050,False,"{""alpha"": 0.01, ""max_iter"": 200, ""penalty"": ""l2"", ""tol"": 0.001}",0.9436250000000002,0.1180492481975213,0.9902243176160266,0.0101223955106594,0.8147186147186147,0.4143017724545065,0.9959578207381372,0.0041959003115336,0.8224866977999052,0.3831688195615136,0.9999048988504172,0.0002115909749324,0.999772746588491,0.0005055447522898,0.0224133014678955,0.014794599963352,0.987,1.0,0.954939341421144,1.0,0.9769503546099292,1.0,1.0,1423,0,26,551
Perceptron,perceptron_051,True,"{""alpha"": 0.01, ""max_iter"": 200, ""penalty"": ""l2"", ""tol"": 0.0001}",0.98725,0.0143109988295716,0.9986685672992208,0.0019783834916675,0.9571428571428572,0.0500042163848791,0.9994727592267136,0.0007859641397187,0.9769037707530686,0.0267003996177718,0.9997869734249348,0.0001915951858803,0.9995155875657884,0.0004369746667313,0.0248886585235595,0.0221607999992556,0.991,0.9964476021314388,0.9722703639514731,0.9985945186226284,0.9842105263157894,0.9997113526114064,0.9993225926653304,1421,2,16,561
Perceptron,perceptron_052,False,"{""alpha"": 0.01, ""max_iter"": 200, ""penalty"": ""l2"", ""tol"": 0.0001}",0.9436250000000002,0.1180492481975213,0.9902243176160266,0.0101223955106594,0.8147186147186147,0.4143017724545065,0.9959578207381372,0.0041959003115336,0.8224866977999052,0.3831688195615136,0.9999048988504172,0.0002115909749324,0.999772746588491,0.0005055447522898,0.020967960357666,0.0180875000078231,0.987,1.0,0.954939341421144,1.0,0.9769503546099292,1.0,1.0,1423,0,26,551
Perceptron,perceptron_053,True,"{""alpha"": 0.01, ""max_iter"": 300, ""penalty"": ""l2"", ""tol"": 0.001}",0.992125,0.004689582870576,0.99474699867177,0.0082312964936757,0.977922077922078,0.0117960403406396,0.9978910369068542,0.0033229649211228,0.9862323990556382,0.0081923555601219,0.9996774169006156,0.0003584685162585,0.9992521784263746,0.0008300595825594,0.0218033790588378,0.0269820999819785,0.991,0.9964476021314388,0.9722703639514731,0.9985945186226284,0.9842105263157894,0.9997113526114064,0.9993225926653304,1421,2,16,561
Perceptron,perceptron_054,False,"{""alpha"": 0.01, ""max_iter"": 300, ""penalty"": ""l2"", ""tol"": 0.001}",0.9436250000000002,0.1180492481975213,0.9902243176160266,0.0101223955106594,0.8147186147186147,0.4143017724545065,0.9959578207381372,0.0041959003115336,0.8224866977999052,0.3831688195615136,0.9999048988504172,0.0002115909749324,0.999772746588491,0.0005055447522898,0.0205329895019531,0.0227600000216625,0.987,1.0,0.954939341421144,1.0,0.9769503546099292,1.0,1.0,1423,0,26,551
Perceptron,perceptron_055,True,"{""alpha"": 0.01, ""max_iter"": 300, ""penalty"": ""l2"", ""tol"": 0.0001}",0.98725,0.0143109988295716,0.9986685672992208,0.0019783834916675,0.9571428571428572,0.0500042163848791,0.9994727592267136,0.0007859641397187,0.9769037707530686,0.0267003996177718,0.9997869734249348,0.0001915951858803,0.9995155875657884,0.0004369746667313,0.0227899551391601,0.0298579999944195,0.991,0.9964476021314388,0.9722703639514731,0.9985945186226284,0.9842105263157894,0.9997113526114064,0.9993225926653304,1421,2,16,561
Perceptron,perceptron_056,False,"{""alpha"": 0.01, ""max_iter"": 300, ""penalty"": ""l2"", ""tol"": 0.0001}",0.9436250000000002,0.1180492481975213,0.9902243176160266,0.0101223955106594,0.8147186147186147,0.4143017724545065,0.9959578207381372,0.0041959003115336,0.8224866977999052,0.3831688195615136,0.9999048988504172,0.0002115909749324,0.999772746588491,0.0005055447522898,0.0202434062957763,0.0185854000155814,0.987,1.0,0.954939341421144,1.0,0.9769503546099292,1.0,1.0,1423,0,26,551
Perceptron,perceptron_057,True,"{""alpha"": 0.01, ""max_iter"": 500, ""penalty"": ""l2"", ""tol"": 0.001}",0.992125,0.004689582870576,0.99474699867177,0.0082312964936757,0.977922077922078,0.0117960403406396,0.9978910369068542,0.0033229649211228,0.9862323990556382,0.0081923555601219,0.9996774169006156,0.0003584685162585,0.9992521784263746,0.0008300595825594,0.0273546695709228,0.0232082000002264,0.991,0.9964476021314388,0.9722703639514731,0.9985945186226284,0.9842105263157894,0.9997113526114064,0.9993225926653304,1421,2,16,561
Perceptron,perceptron_058,False,"{""alpha"": 0.01, ""max_iter"": 500, ""penalty"": ""l2"", ""tol"": 0.001}",0.9436250000000002,0.1180492481975213,0.9902243176160266,0.0101223955106594,0.8147186147186147,0.4143017724545065,0.9959578207381372,0.0041959003115336,0.8224866977999052,0.3831688195615136,0.9999048988504172,0.0002115909749324,0.999772746588491,0.0005055447522898,0.0225904464721679,0.018039199989289,0.987,1.0,0.954939341421144,1.0,0.9769503546099292,1.0,1.0,1423,0,26,551
Perceptron,perceptron_059,True,"{""alpha"": 0.01, ""max_iter"": 500, ""penalty"": ""l2"", ""tol"": 0.0001}",0.98725,0.0143109988295716,0.9986685672992208,0.0019783834916675,0.9571428571428572,0.0500042163848791,0.9994727592267136,0.0007859641397187,0.9769037707530686,0.0267003996177718,0.9997869734249348,0.0001915951858803,0.9995155875657884,0.0004369746667313,0.0289612770080566,0.0234803999774158,0.991,0.9964476021314388,0.9722703639514731,0.9985945186226284,0.9842105263157894,0.9997113526114064,0.9993225926653304,1421,2,16,561
Perceptron,perceptron_060,False,"{""alpha"": 0.01, ""max_iter"": 500, ""penalty"": ""l2"", ""tol"": 0.0001}",0.9436250000000002,0.1180492481975213,0.9902243176160266,0.0101223955106594,0.8147186147186147,0.4143017724545065,0.9959578207381372,0.0041959003115336,0.8224866977999052,0.3831688195615136,0.9999048988504172,0.0002115909749324,0.999772746588491,0.0005055447522898,0.0199875831604003,0.0148142999969422,0.987,1.0,0.954939341421144,1.0,0.9769503546099292,1.0,1.0,1423,0,26,551
MLP,mlp_001,True,"{""alpha"": 0.0001, ""hidden_layer_sizes"": [16], ""learning_rate_init"": 0.001}",0.998625,0.0006846531968814,1.0,0.0,0.9952380952380953,0.0023710933225332,1.0,0.0,0.997612231620704,0.0011923151109267,0.99999315271723,4.774039819991014e-06,0.9999832463439002,1.1664080709169115e-05,0.1887251853942871,0.2661294999998063,1.0,1.0,1.0,1.0,1.0,1.0,1.0,1423,0,0,577
MLP,mlp_002,False,"{""alpha"": 0.0001, ""hidden_layer_sizes"": [16], ""learning_rate_init"": 0.001}",0.996625,0.0028844951898035,0.994370301904232,0.0044822345987282,0.993939393939394,0.0063843641574686,0.9977152899824252,0.0018221828957229,0.994150411280846,0.0050040849040063,0.999919734629752,0.0001071769281434,0.9998095678769874,0.0002513146333782,0.2448946952819824,0.404787799983751,1.0,1.0,1.0,1.0,1.0,1.0,1.0,1423,0,0,577
MLP,mlp_003,True,"{""alpha"": 0.0001, ""hidden_layer_sizes"": [16], ""learning_rate_init"": 0.01}",0.99925,0.0008149003006503,1.0,0.0,0.9974025974025974,0.0028221655433777,1.0,0.0,0.9986980099988348,0.0014154086352813,0.9999992391908034,1.701221081649678e-06,0.9999981340498584,4.172391359738629e-06,0.1467384815216064,0.1893156000296585,1.0,1.0,1.0,1.0,1.0,1.0,1.0,1423,0,0,577
MLP,mlp_004,False,"{""alpha"": 0.0001, ""hidden_layer_sizes"": [16], ""learning_rate_init"": 0.01}",0.998625,0.0010269797953221,0.9974053901774814,0.001806210093482,0.997835497835498,0.0026509629250899,0.998945518453427,0.0007352021322794,0.9976188075277012,0.001780257791084,0.9999844034114684,1.960099061615737e-05,0.9999618626855348,4.801483521866583e-05,0.1462259769439697,0.1827550000161864,1.0,1.0,1.0,1.0,1.0,1.0,1.0,1423,0,0,577
MLP,mlp_005,True,"{""alpha"": 0.001, ""hidden_layer_sizes"": [16], ""learning_rate_init"": 0.001}",0.998625,0.0006846531968814,1.0,0.0,0.9952380952380953,0.0023710933225332,1.0,0.0,0.997612231620704,0.0011923151109267,0.99999315271723,4.774039819991014e-06,0.9999832463439002,1.1664080709169115e-05,0.1798816680908203,0.2544532000320032,1.0,1.0,1.0,1.0,1.0,1.0,1.0,1423,0,0,577
MLP,mlp_006,False,"{""alpha"": 0.001, ""hidden_layer_sizes"": [16], ""learning_rate_init"": 0.001}",0.996625,0.0028844951898035,0.994370301904232,0.0044822345987282,0.993939393939394,0.0063843641574686,0.9977152899824252,0.0018221828957229,0.994150411280846,0.0050040849040063,0.999919734629752,0.0001071769281434,0.9998095678769874,0.0002513146333782,0.2465421676635742,0.4167101999628357,0.9995,0.9982698961937716,1.0,0.999297259311314,0.9991341991341992,1.0,1.0,1422,1,0,577
MLP,mlp_007,True,"{""alpha"": 0.001, ""hidden_layer_sizes"": [16], ""learning_rate_init"": 0.01}",0.99925,0.0008149003006503,1.0,0.0,0.9974025974025974,0.0028221655433777,1.0,0.0,0.9986980099988348,0.0014154086352813,0.9999992391908034,1.701221081649678e-06,0.9999981340498584,4.172391359738629e-06,0.1455690383911133,0.1879259000415913,1.0,1.0,1.0,1.0,1.0,1.0,1.0,1423,0,0,577
MLP,mlp_008,False,"{""alpha"": 0.001, ""hidden_layer_sizes"": [16], ""learning_rate_init"": 0.01}",0.998625,0.0010269797953221,0.9974053901774814,0.001806210093482,0.997835497835498,0.0026509629250899,0.998945518453427,0.0007352021322794,0.9976188075277012,0.001780257791084,0.9999847838160668,1.9536285448166644e-05,0.9999627777828096,4.785967211819272e-05,0.1458777904510498,0.1921243999968283,1.0,1.0,1.0,1.0,1.0,1.0,1.0,1423,0,0,577
MLP,mlp_009,True,"{""alpha"": 0.0001, ""hidden_layer_sizes"": [32], ""learning_rate_init"": 0.001}",0.9985,0.0014388580541526,1.0,0.0,0.9948051948051948,0.0049830581961997,1.0,0.0,0.9973908204563512,0.002508432741747,0.9999984783816068,3.402442163299356e-06,0.9999962700800572,8.340354542576099e-06,0.1881399154663086,0.2364232999971136,0.999,1.0,0.9965337954939342,1.0,0.9982638888888888,1.0,1.0,1423,0,2,575
MLP,mlp_010,False,"{""alpha"": 0.0001, ""hidden_layer_sizes"": [32], ""learning_rate_init"": 0.001}",0.999125,0.0005590169943749,0.997413781091061,0.0023545290722888,0.9995670995670995,0.0009679947954544,0.998945518453427,0.0009626055492182,0.9984874174366858,0.0009635576622709,0.9999992391908034,1.701221081649678e-06,0.9999981340498584,4.1723913597386286e-06,0.167943000793457,0.2133739999844692,1.0,1.0,1.0,1.0,1.0,1.0,1.0,1423,0,0,577
MLP,mlp_011,True,"{""alpha"": 0.0001, ""hidden_layer_sizes"": [32], ""learning_rate_init"": 0.01}",0.999875,0.0002795084971874,1.0,0.0,0.9995670995670995,0.0009679947954544,1.0,0.0,0.9997833152762732,0.0004845217719392,1.0,0.0,1.0,0.0,1.2001486778259278,2.627395100018475,1.0,1.0,1.0,1.0,1.0,1.0,1.0,1423,0,0,577
MLP,mlp_012,False,"{""alpha"": 0.0001, ""hidden_layer_sizes"": [32], ""learning_rate_init"": 0.01}",0.999875,0.0002795084971874,0.9995680345572352,0.0009659040939523,1.0,0.0,0.9998242530755712,0.0003929820698593,0.999783783783784,0.0004834741572972,1.0,0.0,1.0,5.551115123125783e-17,0.269484806060791,0.2049360999953933,1.0,1.0,1.0,1.0,1.0,1.0,1.0,1423,0,0,577
MLP,mlp_013,True,"{""alpha"": 0.001, ""hidden_layer_sizes"": [32], ""learning_rate_init"": 0.001}",0.9985,0.0014388580541526,1.0,0.0,0.9948051948051948,0.0049830581961997,1.0,0.0,0.9973908204563512,0.002508432741747,0.9999980979770082,4.253052704124195e-06,0.999995331033565,1.0440126333190123e-05,0.188672924041748,0.2373383000376634,0.999,1.0,0.9965337954939342,1.0,0.9982638888888888,1.0,1.0,1423,0,2,575
MLP,mlp_014,False,"{""alpha"": 0.001, ""hidden_layer_sizes"": [32], ""learning_rate_init"": 0.001}",0.999125,0.0005590169943749,0.997413781091061,0.0023545290722888,0.9995670995670995,0.0009679947954544,0.998945518453427,0.0009626055492182,0.9984874174366858,0.0009635576622709,0.9999992391908034,1.701221081649678e-06,0.9999981340498584,4.1723913597386286e-06,0.1715808391571044,0.2071264999685809,1.0,1.0,1.0,1.0,1.0,1.0,1.0,1423,0,0,577
MLP,mlp_015,True,"{""alpha"": 0.001, ""hidden_layer_sizes"": [32], ""learning_rate_init"": 0.01}",0.999875,0.0002795084971874,1.0,0.0,0.9995670995670995,0.0009679947954544,1.0,0.0,0.9997833152762732,0.0004845217719392,1.0,0.0,1.0,0.0,0.163182783126831,0.2074671000009402,1.0,1.0,1.0,1.0,1.0,1.0,1.0,1423,0,0,577
MLP,mlp_016,False,"{""alpha"": 0.001, ""hidden_layer_sizes"": [32], ""learning_rate_init"": 0.01}",1.0,0.0,1.0,0.0,1.0,0.0,1.0,0.0,1.0,0.0,1.0,0.0,1.0,0.0,0.162709093093872,0.2050258999806828,0.9995,1.0,0.9982668977469672,1.0,0.9991326973113616,1.0,1.0,1423,0,1,576
MLP,mlp_017,True,"{""alpha"": 0.0001, ""hidden_layer_sizes"": [32, 16], ""learning_rate_init"": 0.001}",0.998875,0.001843485150469,1.0,0.0,0.9961038961038964,0.0063843641574686,1.0,0.0,0.9980399129952944,0.0032175134279159,0.999996576358615,7.655494867423551e-06,0.9999915930530228,1.87985049240364e-05,0.2412552833557129,0.2965329000144265,0.9995,1.0,0.9982668977469672,1.0,0.9991326973113616,1.0,1.0,1423,0,1,576
MLP,mlp_018,False,"{""alpha"": 0.0001, ""hidden_layer_sizes"": [32, 16], ""learning_rate_init"": 0.001}",0.999625,0.0008385254915624,0.9987096774193548,0.0028852490032255,1.0,0.0,0.9994727592267136,0.0011789462095781,0.9993527508090616,0.0014472931893202,1.0,0.0,1.0,0.0,0.2047472476959228,0.2463630000129342,1.0,1.0,1.0,1.0,1.0,1.0,1.0,1423,0,0,577
MLP,mlp_019,True,"{""alpha"": 0.0001, ""hidden_layer_sizes"": [32, 16], ""learning_rate_init"": 0.01}",1.0,0.0,1.0,0.0,1.0,0.0,1.0,0.0,1.0,0.0,1.0,0.0,1.0,0.0,0.2048695564270019,0.2518140000174753,1.0,1.0,1.0,1.0,1.0,1.0,1.0,1423,0,0,577
MLP,mlp_020,False,"{""alpha"": 0.0001, ""hidden_layer_sizes"": [32, 16], ""learning_rate_init"": 0.01}",0.9995,0.0011180339887498,1.0,0.0,0.9982683982683984,0.0038719791818178,1.0,0.0,0.9991304347826088,0.0019444069369563,1.0,0.0,1.0,0.0,0.1987600326538086,0.2458578000077977,0.9995,1.0,0.9982668977469672,1.0,0.9991326973113616,0.9999987820785292,0.9999970015531954,1423,0,1,576
MLP,mlp_021,True,"{""alpha"": 0.001, ""hidden_layer_sizes"": [32, 16], ""learning_rate_init"": 0.001}",0.999,0.0019059938352471,1.0,0.0,0.9965367965367966,0.0066008444510722,1.0,0.0,0.9982565977190212,0.0033259664633507,0.999996576358615,7.655494867423551e-06,0.9999915930530228,1.87985049240364e-05,0.2399592399597168,0.292132600035984,0.9995,1.0,0.9982668977469672,1.0,0.9991326973113616,1.0,1.0,1423,0,1,576
MLP,mlp_022,False,"{""alpha"": 0.001, ""hidden_layer_sizes"": [32, 16], ""learning_rate_init"": 0.001}",0.999625,0.0008385254915624,0.9987096774193548,0.0028852490032255,1.0,0.0,0.9994727592267136,0.0011789462095781,0.9993527508090616,0.0014472931893202,1.0,0.0,1.0,0.0,0.4092155933380127,1.0060607999912463,1.0,1.0,1.0,1.0,1.0,1.0,1.0,1423,0,0,577
MLP,mlp_023,True,"{""alpha"": 0.001, ""hidden_layer_sizes"": [32, 16], ""learning_rate_init"": 0.01}",1.0,0.0,1.0,0.0,1.0,0.0,1.0,0.0,1.0,0.0,1.0,0.0,1.0,0.0,0.2384225368499755,0.2496591999661177,1.0,1.0,1.0,1.0,1.0,1.0,1.0,1423,0,0,577
MLP,mlp_024,False,"{""alpha"": 0.001, ""hidden_layer_sizes"": [32, 16], ""learning_rate_init"": 0.01}",0.999375,0.0010825317547305,1.0,0.0,0.997835497835498,0.0037490277220105,1.0,0.0,0.9989137500588818,0.0018826645842354,1.0,0.0,1.0,0.0,0.1960878372192382,0.2474936000071466,1.0,1.0,1.0,1.0,1.0,1.0,1.0,1423,0,0,577
Random Forest,random_forest_001,False,"{""class_weight"": null, ""max_depth"": null, ""max_features"": ""sqrt"", ""min_samples_leaf"": 1, ""n_estimators"": 10}",1.0,0.0,1.0,0.0,1.0,0.0,1.0,0.0,1.0,0.0,1.0,0.0,1.0,0.0,0.2298553466796875,0.1231590000097639,1.0,1.0,1.0,1.0,1.0,1.0,1.0,1423,0,0,577
Random Forest,random_forest_002,False,"{""class_weight"": ""balanced"", ""max_depth"": null, ""max_features"": ""sqrt"", ""min_samples_leaf"": 1, ""n_estimators"": 10}",1.0,0.0,1.0,0.0,1.0,0.0,1.0,0.0,1.0,0.0,1.0,0.0,1.0,0.0,0.06017427444458,0.0547342000063508,1.0,1.0,1.0,1.0,1.0,1.0,1.0,1423,0,0,577
Random Forest,random_forest_003,False,"{""class_weight"": null, ""max_depth"": null, ""max_features"": ""sqrt"", ""min_samples_leaf"": 5, ""n_estimators"": 10}",1.0,0.0,1.0,0.0,1.0,0.0,1.0,0.0,1.0,0.0,1.0,0.0,1.0,0.0,0.0577025413513183,0.042695999960415,1.0,1.0,1.0,1.0,1.0,1.0,1.0,1423,0,0,577
Random Forest,random_forest_004,False,"{""class_weight"": ""balanced"", ""max_depth"": null, ""max_features"": ""sqrt"", ""min_samples_leaf"": 5, ""n_estimators"": 10}",1.0,0.0,1.0,0.0,1.0,0.0,1.0,0.0,1.0,0.0,1.0,0.0,1.0,0.0,0.0462880134582519,0.0406004000105895,1.0,1.0,1.0,1.0,1.0,1.0,1.0,1423,0,0,577
Random Forest,random_forest_005,False,"{""class_weight"": null, ""max_depth"": 10, ""max_features"": ""sqrt"", ""min_samples_leaf"": 1, ""n_estimators"": 10}",1.0,0.0,1.0,0.0,1.0,0.0,1.0,0.0,1.0,0.0,1.0,0.0,1.0,0.0,0.0355523586273193,0.0428457999951206,1.0,1.0,1.0,1.0,1.0,1.0,1.0,1423,0,0,577
Random Forest,random_forest_006,False,"{""class_weight"": ""balanced"", ""max_depth"": 10, ""max_features"": ""sqrt"", ""min_samples_leaf"": 1, ""n_estimators"": 10}",1.0,0.0,1.0,0.0,1.0,0.0,1.0,0.0,1.0,0.0,1.0,5.551115123125783e-17,1.0,0.0,0.0430331230163574,0.0526980000431649,1.0,1.0,1.0,1.0,1.0,1.0,1.0,1423,0,0,577
Random Forest,random_forest_007,False,"{""class_weight"": null, ""max_depth"": 10, ""max_features"": ""sqrt"", ""min_samples_leaf"": 5, ""n_estimators"": 10}",1.0,0.0,1.0,0.0,1.0,0.0,1.0,0.0,1.0,0.0,1.0,0.0,1.0,0.0,0.0365952491760253,0.0462176000000909,1.0,1.0,1.0,1.0,1.0,1.0,1.0,1423,0,0,577
Random Forest,random_forest_008,False,"{""class_weight"": ""balanced"", ""max_depth"": 10, ""max_features"": ""sqrt"", ""min_samples_leaf"": 5, ""n_estimators"": 10}",1.0,0.0,1.0,0.0,1.0,0.0,1.0,0.0,1.0,0.0,1.0,0.0,1.0,0.0,0.0416605472564697,0.0388896000222303,1.0,1.0,1.0,1.0,1.0,1.0,1.0,1423,0,0,577
Random Forest,random_forest_009,False,"{""class_weight"": null, ""max_depth"": 20, ""max_features"": ""sqrt"", ""min_samples_leaf"": 1, ""n_estimators"": 10}",1.0,0.0,1.0,0.0,1.0,0.0,1.0,0.0,1.0,0.0,1.0,0.0,1.0,0.0,0.0345472335815429,0.031799399992451,1.0,1.0,1.0,1.0,1.0,1.0,1.0,1423,0,0,577
Random Forest,random_forest_010,False,"{""class_weight"": ""balanced"", ""max_depth"": 20, ""max_features"": ""sqrt"", ""min_samples_leaf"": 1, ""n_estimators"": 10}",1.0,0.0,1.0,0.0,1.0,0.0,1.0,0.0,1.0,0.0,1.0,0.0,1.0,0.0,0.0411974906921386,0.0377133000292815,1.0,1.0,1.0,1.0,1.0,1.0,1.0,1423,0,0,577
Random Forest,random_forest_011,False,"{""class_weight"": null, ""max_depth"": 20, ""max_features"": ""sqrt"", ""min_samples_leaf"": 5, ""n_estimators"": 10}",1.0,0.0,1.0,0.0,1.0,0.0,1.0,0.0,1.0,0.0,1.0,0.0,1.0,0.0,0.033652114868164,0.0332377000013366,1.0,1.0,1.0,1.0,1.0,1.0,1.0,1423,0,0,577
Random Forest,random_forest_012,False,"{""class_weight"": ""balanced"", ""max_depth"": 20, ""max_features"": ""sqrt"", ""min_samples_leaf"": 5, ""n_estimators"": 10}",1.0,0.0,1.0,0.0,1.0,0.0,1.0,0.0,1.0,0.0,1.0,0.0,1.0,0.0,0.0396975994110107,0.042139999975916,1.0,1.0,1.0,1.0,1.0,1.0,1.0,1423,0,0,577
Random Forest,random_forest_013,False,"{""class_weight"": null, ""max_depth"": null, ""max_features"": ""sqrt"", ""min_samples_leaf"": 1, ""n_estimators"": 30}",1.0,0.0,1.0,0.0,1.0,0.0,1.0,0.0,1.0,0.0,1.0,0.0,1.0,0.0,0.0754337310791015,0.0699645999702625,1.0,1.0,1.0,1.0,1.0,1.0,1.0,1423,0,0,577
Random Forest,random_forest_014,False,"{""class_weight"": ""balanced"", ""max_depth"": null, ""max_features"": ""sqrt"", ""min_samples_leaf"": 1, ""n_estimators"": 30}",1.0,0.0,1.0,0.0,1.0,0.0,1.0,0.0,1.0,0.0,1.0,0.0,1.0,0.0,0.092079496383667,0.1068611999507993,1.0,1.0,1.0,1.0,1.0,1.0,1.0,1423,0,0,577
Random Forest,random_forest_015,False,"{""class_weight"": null, ""max_depth"": null, ""max_features"": ""sqrt"", ""min_samples_leaf"": 5, ""n_estimators"": 30}",1.0,0.0,1.0,0.0,1.0,0.0,1.0,0.0,1.0,0.0,1.0,5.551115123125783e-17,1.0,0.0,0.0857116222381591,4.953944100008812,1.0,1.0,1.0,1.0,1.0,1.0,1.0,1423,0,0,577
Random Forest,random_forest_016,False,"{""class_weight"": ""balanced"", ""max_depth"": null, ""max_features"": ""sqrt"", ""min_samples_leaf"": 5, ""n_estimators"": 30}",1.0,0.0,1.0,0.0,1.0,0.0,1.0,0.0,1.0,0.0,1.0,0.0,1.0,0.0,0.534314775466919,0.2690066000213846,1.0,1.0,1.0,1.0,1.0,1.0,1.0,1423,0,0,577
Random Forest,random_forest_017,False,"{""class_weight"": null, ""max_depth"": 10, ""max_features"": ""sqrt"", ""min_samples_leaf"": 1, ""n_estimators"": 30}",1.0,0.0,1.0,0.0,1.0,0.0,1.0,0.0,1.0,0.0,1.0,0.0,1.0,0.0,0.2099671840667724,0.1981720000039786,1.0,1.0,1.0,1.0,1.0,1.0,1.0,1423,0,0,577
Random Forest,random_forest_018,False,"{""class_weight"": ""balanced"", ""max_depth"": 10, ""max_features"": ""sqrt"", ""min_samples_leaf"": 1, ""n_estimators"": 30}",1.0,0.0,1.0,0.0,1.0,0.0,1.0,0.0,1.0,0.0,1.0,0.0,1.0,0.0,0.1761739253997802,0.1619544000132009,1.0,1.0,1.0,1.0,1.0,1.0,1.0,1423,0,0,577
Random Forest,random_forest_019,False,"{""class_weight"": null, ""max_depth"": 10, ""max_features"": ""sqrt"", ""min_samples_leaf"": 5, ""n_estimators"": 30}",1.0,0.0,1.0,0.0,1.0,0.0,1.0,0.0,1.0,0.0,1.0,0.0,1.0,0.0,0.0994813919067382,0.0982170999632217,1.0,1.0,1.0,1.0,1.0,1.0,1.0,1423,0,0,577
Random Forest,random_forest_020,False,"{""class_weight"": ""balanced"", ""max_depth"": 10, ""max_features"": ""sqrt"", ""min_samples_leaf"": 5, ""n_estimators"": 30}",1.0,0.0,1.0,0.0,1.0,0.0,1.0,0.0,1.0,0.0,1.0,5.551115123125783e-17,1.0,0.0,0.0991474151611328,0.1002127000247128,1.0,1.0,1.0,1.0,1.0,1.0,1.0,1423,0,0,577
Random Forest,random_forest_021,False,"{""class_weight"": null, ""max_depth"": 20, ""max_features"": ""sqrt"", ""min_samples_leaf"": 1, ""n_estimators"": 30}",1.0,0.0,1.0,0.0,1.0,0.0,1.0,0.0,1.0,0.0,1.0,0.0,1.0,0.0,0.066015625,0.0674336000229232,1.0,1.0,1.0,1.0,1.0,1.0,1.0,1423,0,0,577
Random Forest,random_forest_022,False,"{""class_weight"": ""balanced"", ""max_depth"": 20, ""max_features"": ""sqrt"", ""min_samples_leaf"": 1, ""n_estimators"": 30}",1.0,0.0,1.0,0.0,1.0,0.0,1.0,0.0,1.0,0.0,1.0,0.0,1.0,0.0,0.0917841434478759,0.0829246999928727,1.0,1.0,1.0,1.0,1.0,1.0,1.0,1423,0,0,577
Random Forest,random_forest_023,False,"{""class_weight"": null, ""max_depth"": 20, ""max_features"": ""sqrt"", ""min_samples_leaf"": 5, ""n_estimators"": 30}",1.0,0.0,1.0,0.0,1.0,0.0,1.0,0.0,1.0,0.0,1.0,5.551115123125783e-17,1.0,0.0,0.0693095684051513,0.0622775999945588,1.0,1.0,1.0,1.0,1.0,1.0,1.0,1423,0,0,577
Random Forest,random_forest_024,False,"{""class_weight"": ""balanced"", ""max_depth"": 20, ""max_features"": ""sqrt"", ""min_samples_leaf"": 5, ""n_estimators"": 30}",1.0,0.0,1.0,0.0,1.0,0.0,1.0,0.0,1.0,0.0,1.0,0.0,1.0,0.0,0.0882481575012207,0.09033019997878,1.0,1.0,1.0,1.0,1.0,1.0,1.0,1423,0,0,577
